español	quechua
POEMAS	HARAYKUNA
Federico García Lorca	 Federico García Lorca sutiyuq runam
Romance sonámbulo	 puñuywan puriq romance
Verde que te quiero verde.	 Verde verdetam munani.
Verde viento.	 Wayra q’umir.
Verdes ramas.	 Q’umir k’allmakuna.
El barco sobre la mar	 Lamar qochapa hawanpi bote
y el caballo en la montaña.	 Hinaspa urqu patapi kaq kawallupas.
Con la sombra en la cintura	 Cinturapi llantuywan
ella suena en su baranda,	 barandillanpi t’oqyachin, .
verde carne, pelo verde,	 q'umir aycha, q'umir chukcha, .
con ojos de fría plata.	 chiri qullqimanta ñawiyuq.
Verde que te quiero verde.	 Verde verdetam munani.
Bajo la luna gitana,	 gitana killapa uranpi
las cosas la están mirando	 imapas payta qhawashan
y ella no puede mirarlas.	 manataqmi chaykunata qhawayta atinchu.
Verde que te quiero verde.	 Verde verdetam munani.
Grandes estrellas de escarcha,	 hatun chiri quyllurkuna, .
vienen con el pez de sombra	 llantu challwakunawan hamuy
que abre camino del alba.	 chaymi achikyamunanpaq ñanta kicharin.
La higuera frota su viento	 Higos sachaqa wayranta maqchikun
con la lija de sus ramas,	 k'allmankuna rit'iwan, .
y el monte, gato garduño,	 hinaspa urqu, marten misi, .
eriza sus pitas agrias.	 cerdas sus pitas q’achu.
Pero quien vendrá?	 Ichaqa, ¿pitaq hamunqa?
y por donde. ?	 hinaspa maypi. ?
Ella sigue en su baranda,	 Payqa barandillanpi hinallam purichkan,
verde carne, pelo verde,	 q'umir aycha, q'umir chukcha, .
sonando la mar amarga.	 k’arak lamar qochata t’oqyachispa
Compadre, quiero cambiar	 Dude, cambiayta munani
mi caballo por su casa,	 wasinpa waqtanpi kawalluy, .
mi montura por su espejo,	 espejonpaq marcoyta,
mi cuchillo por su manta.	 cuchilloyta mantanpaq.
Compadre, vengo sangrando,	 Compadre, yawarchasqa hamuni
desde los puertos de Cabra.	 Cabra puertokunamanta.
Si yo pudiera, mocito,	 Atiyman chayqa, wayna, .
este trato se cerraba.	 kay rimanakuyqa ruwasqa karqan.
Pero yo ya no soy yo.	Ichaqa manañan ñoqachu kani.
Ni mi casa es ya mi casa.	 Manañam wasiypas wasiyñachu.
Compadre, quiero morir	 Dude, wañuyta munani
decentemente en mi cama.	 decentemente camaypi.
De acero, si puede ser,	 Aceromanta, sichus atikunman chayqa, .
con las sabanas de holanda.	 Holanda suyupa raphinkunawan.
No veis la herida que tengo	 Manam rikunkichikchu chay k'irisqa kasqaytaqa
desde el pecho a la garganta?	 sinqamanta kunkakama?
Trescientas rosas morenas	 kimsa pachak q’illu rosas
lleva tu pechera blanca.	 yuraq baberoykita churakuy.
Tu sangre resuma y huele	 Yawarniykiqa huñun hinaspa asnarin
alrededor de tu faja.	 sashniyki muyuriqpi.
Pero yo ya no soy yo.	Ichaqa manañan ñoqachu kani.
Ni mi casa es ya mi casa.	 Manañam wasiypas wasiyñachu.
Dejadme subir al menos	 wichayman risaq al menos
hasta las altas barandas,	 alto barandillakunakama, .
dejadme subir!, dejadme	 wicharisaq!, saqiway
hasta las verdes barandas.	 verde barandillakunaman.
Barandales de la luna	 killamanta barandillakuna
por donde retumba el agua.	 maypichus yaku qaparikun.
Ya suben los dos compadres	 Chay iskay compadres nisqakunaqa wichaymanñam kachkan
hacia las altas barandas.	 alto barandillakunaman.
Dejando un rastro de sangre.	 Yawarpa llimp’inta saqispa.
Dejando un rastro de lagrimas.	 Waqaypa puriyninta saqispa.
Temblaban en los tejados	 Paykunaqa wasi patakunapim khatatatarqaku
farolillos de hojalata.	 lata linternas.
Mil panaderos de cristal.	 Waranqa vaso panaderokuna.
herían la madrugada.	 tutamantanmi k’irirqanku
Verde que te quiero verde,	 Verde verdeta munani, .
verde viento, verdes ramas.	 q’umir wayra, q’umir k’allmakuna.
Los dos compadres subieron.	 Chay iskay compadrekuna wichayman rirqanku.
El largo viento, dejaba	 Unay wayraqa ripurqan
en la boca un raro gusto	 simipi huk mana riqsisqa sabor
de hiel, de menta y de albahaca.	 gallo, menta y albahaca.
Compadre!	Masi!
Donde esta, dime?	 Maypitaq kachkan, willaway?
Donde esta tu niña amarga?	 Maypitaq k’arak sipaski kachkan?
Cuantas veces te espero!	 ¡Hayka kutitam suyayki!
Cuantas veces te esperara,	 ¿Hayka kutitataq suyasqayki?
cara fresca, negro pelo,	 musuq uya, yana chukcha, .
en esta verde baranda!	 kay verde barandillapi!
Sobre el rostro del aljibe,	 Pukyupa uyanta, .
se mecía la gitana.	 chay gitanaqa kuyurirqa.
Verde carne, pelo verde,	 Q'umir aycha, q'umir chukcha, .
con ojos de fría plata.	 chiri qullqimanta ñawiyuq.
Un carámbano de luna	 killapa huk hielo
la sostiene sobre el agua.	 Yaku patapi hap’in.
La noche se puso intima	 Tutaqa intimita tukupurqan
como una pequeña plaza.	 huk huch’uy cuadrado hina.
Guardias civiles borrachos	 machasqa guardia civilkuna
en la puerta golpeaban.	 punkuta takarqanku.
Verde que te quiero verde.	 Verde verdetam munani.
Verde viento.	 Wayra q’umir.
Verdes ramas.	 Q’umir k’allmakuna.
El barco sobre la mar.	 Lamar qochapa hawanpi bote.
Y el caballo en la montaña.	 Hinaspa urqu patapi kaq kawallupas.
Dos muchachas  -  La Lola y Amparo	 Iskay sipaskuna - La Lola y Amparo
La Lola	 la lola
Bajo el naranjo lava	 Naranja sach’a lavaq uranpi
panales de algodón.	 algodón peines.
Tiene verdes los ojos	 Payqa verde ñawiyuqmi
y violeta la voz.	 hinaspa violeta kunka.
!Ay, amor,	 !Ay Munakuy, .
bajo el naranjo en flor!	 naranja t’ikaq uranpi
Luego, cuando la Lola	 Qhepamanmi Lola
gaste todo el jabón,	 tukuy jabonta tukururqa
vendrán los torerillos.	 toro maqanakuq runakuna hamunqaku.
!Ay, amor,	 !Ay Munakuy, .
bajo el naranjo en flor!	 naranja t’ikaq uranpi
Amparo	 Amachay
Amparo,	 Amachay, .
!que sola estas en tu casa	 wasiykipi sapallayki kachkanki
vestida de blanco!	 yuraq p’achasqa!
(Ecuador entre el jazmín	 (Ecuador chawpi jazmín
y el nardo.)	 hinaspa tuberosa nisqatapas.)
Oyes los maravillosos	 admirakuypaq kaqta uyarinki
surtidores de tu patio,	 patioykiq pukyunkuna, .
y el débil trino amarillo	hinaspa chay llañu q’illu trill
del canario.	 de la canario
Por la tarde ves temblar	 Tardeñataqmi rikunki khatatatayta
los cipreses con los pájaros,	 ciprés sach'akuna pisqukunawan kuska,
mientras bordas lentamente	 pisi pisimanta bordaspayki
letras sobre el cañamazo.	 lonapi qillqakuna.
Amparo,	 Amachay, .
!que sola estas en tu casa,	 wasiykipi sapallayki kasqaykimanta,
vestida de blanco!	 yuraq p’achasqa!
Amparo,	 Amachay, .
!y que difícil decirte:	 Hinaspa imayna sasa willanaykipaq:
yo te amo!	 Kuyaykim!
Camino	 Ñan
Cien jinetes enlutados,	 pachak caballopi sillakuq runakuna llakisqa,
?donde Irán,	 ?maymantaq rinqaku, .
por el cielo yaciente	 llullakuq hanaq pachawan
del naranjal?	 naranja sachamanta?
Ni a Córdoba ni a Sevilla	 Ni Córdoba llaqtaman nitaq Sevilla llaqtamanpas
llegaran.	 chayamunqaku.
Ni a Granada la que suspira	 Nitaq Granadamanpas chay suspiraq
por el mar.	 lamar qochawan.
Esos caballos soñolientos	 chay puñusqa kawallukuna
los llevaran,	 chaykunata apanqaku,
al laberinto de las cruces	 cruzkunapa laberintonkama
donde tiembla el cantar.	 maypichus takiqa khatatatan
con siete ayes clavados,	 qanchis llakikunawan clavasqa,
?donde Irán	 ?maymantaq rinqaku
los cien jinetes andaluces	 pachak andaluz caballopi sillakuq runakuna
del naranjal?	 naranja sachamanta?
Las seis cuerdas	 chay suqta q’aytukuna
La guitarra,	 Guitarra, .
hace llorar a los sueños.	 musquykunata waqachin
El sollozo del as almas	 Almakunapa waqaynin
perdidas,	 chinkachiykuna, .
se escapa por su boca	 siminmanta ayqekun
redonda.	 muyu.
Y como la tarántula	 hinaspa tarantula hina
teje una gran estrella	 hatun quyllurta awaspa
para cazar suspiros,	 suspirukunata hapinapaq, .
que flotan en su negro	 chay yanaykipi wayt’aq
aljibe de madera.	 k’aspimanta chhullunka.
Preciosa y el aire	 chaniyuq hinaspa wayra
Su luna de pergamino	pergamino killan
Preciosa tocando viene,	 Chanin llamiy hamun, .
por un anfibio sendero	 huk anfibio ñanwan
de cristales y laureles.	 cristales nisqamanta, laureles nisqamanta ima.
El silencio sin estrellas,	 Mana quyllurkunayuq ch’in kay
huyendo del sonsonete,	 taki takimanta ayqekuspa, .
cae donde el mar bate y canta	 urmaykun maypichus lamar qocha maqan, takikun
Su noche llena de peces.	 Tutan challwakunawan hunt’a.
En los picos de la sierra	 Urqu puntakunapi
los carabineros duermen	 chay carabinieri puñuy
guardando las blancas torres	 yuraq torrekunata waqaychaspa
donde viven los ingleses.	 Maypitaq ingleskuna tiyanku?
Y los gitanos del agua	 Hinaspa yakupi gitanokuna
levantan por distraerse,	 distraenankupaqmi hatarinku, .
glorietas de caracolas	 concha gazebos nisqakuna
y ramas de pino verde.	 hinaspa verde pino k’allmakunatapas.
Su luna de pergamino	pergamino killan
Preciosa tocando viene.	 Precioso llamiy hamun.
Al verla se ha levantado	 Payta rikuspataq sayarirqa
el viento, que nunca duerme.	 mana hayk’aq puñuq wayra
San Cristo balón desnudo,	 santo cristo q'ala pelota, .
lleno de lenguas celestes,	 hanaq pacha simikunawan hunt'a, .
mira a la niña tocando	 pukllayta sipasta qhaway
una dulce gaita ausente.	 huk misk’i mana kaq gaita.
Nina, deja que levante	 Nina, hoqarisaq
tu vestido para verte.	 pachayki rikusunaykipaq.
Abre en mis dedos antiguos	 Ñawpa dedoypi kichasqa
la rosa azul de tu vientre.	 wiksaykipi azul rosas.
Preciosa tira el pandero	 Preciousqa pandereta wikch’un
y corre sin detenerse.	 hinaspa mana sayaspa phawan.
El viento  -  hombron la persigue	 Wayra - hombron payta qatipan
con una espada caliente.	 q’uñi k’aspiwan.
Frunce su rumor el mar.	 Lamar qochaqa rimaynintan uyanta k’umuykachin.
Los olivos palidecen.	 Aceitunas sach’akunaqa q’illullañam.
Cantan las flautas de umbría	Umbriapa flautakuna takinku
y el liso gong de la nieve.	 hinaspa rit’iq llañu gongninpas.
!Preciosa, corre, Preciosa,	 Chanin, phaway, Chanin, .
que te coge el viento verde!	 chay verde wayra hap’isunki!
!Preciosa, corre, Preciosa!	 ¡Chaysapa, phaway, ¡Chaysapa!
!Míralo por donde viene!	 ¡Qhawariy maymanta hamusqanmanta!
Sátiro de estrellas bajas	 pisi quyllur satyr
con sus lenguas relucientes.	 llimp’i llimp’i qallunkuwan.
Preciosa, llena de miedo,	 Sumaq, manchakuywan hunt'a, .
entre en la casa que tiene	 kapuq wasiman haykuy
mas arriba de los pinos,	 pinokunapa hawanpi, .
el cónsul de los ingleses.	 inglés runakunaq cónsulnin
Asustados por los gritos	 qapariykunawan mancharisqa
tres carabineros vienen,	 kimsa carabinierikuna hamunku, .
sus negras capas ceñidas	 k’iski yana p’achanku
y los gorros en las sienes.	 hinaspa yupaychana wasikunapi tapakunatapas.
El ingles da a la gitana	 Inglés runaqa gitanumanmi qun
un vaso de tibia leche,	 huk vaso q’uñi leche, .
y una copa de ginebra	 hinaspa huk vaso gin nisqatapas
que Preciosa no se bebe.	 chay Precious mana ukyanchu.
Y mientras cuenta, llorando,	 Hinaspa yupachkaptin, waqachkaspa,
su aventura a aquella gente,	 chay runakunaman aventura ruwasqan, .
en las tejas de pizarra	 pizarra azulejokunapi
el viento, furioso, muerde.	 phiñasqa wayra kanikun.
Jorge Luis Borges	 Jorge Luis Borges sutiyuq runam
Amorosa Anticipación	 Munakuywan suyakuy
Ni la intimidad de tu frente clara	 Nitaqmi chuya mat’iykipa intimidadninpas
como una fiesta	 fiesta hina
ni la costumbre de tu cuerpo, aún misterioso y tácito y de niña,	 nitaq cuerpoykiq costumbrenpas, misterioso hinallataq tácito hinallataq sipas hinaraq, .
ni la sucesión de tu vida asumiendo palabras o silencios	nitaqmi kawsayniykiq qatiqninpi rimaykunata otaq ch’inlla kaykunata hap’ispa
serán favor tan misterioso	 chayna pakasqa favormi kanqa
como mirar tu sueño implicado	 imaynatataq qhawawaq implícito musquyniykita
en la vigilia de mis brazos.	 makiypa vigilia nisqapi.
Virgen milagrosamente otra vez por la virtud absolutoria del sueño,	 Virgen milagrowan yapamanta puñuypa absolvente virtudninwan,
quieta y resplandeciente como una dicha	 mana kuyurispa kusikuy hina k’ancharishaq
que la memoria elige,	 chay yuyariyqa akllan, .
me darás esa orilla de tu vida	 chay kantuta kawsayniykita quwanki
que tú misma no tienes.	 mana qan kikiykipaq kasqanmanta.
Arrojado a quietud,	 ch'inlla kayman wikch'usqa, .
divisaré esa playa última de tu ser	 Chay qhepa playatan rikusaq kasqaykimanta
y te veré por vez primera, quizá	 Hinaspa ñawpaq kutita rikusqayki, ichapas
como Dios ha de verte,	 imaynan Diospas risusunkichis hinata,
desbaratada la ficción del Tiempo, sin el amor, sin mí.	 Tiempo nisqa ficción nisqatan chinkachirqan, mana munakuyniyoq, mana ñoqawan.
(“Luna de Enfrente” 1925)	 (“Killa ñawpaqpi” 1925)
Argumentum Ornithologicum	 Argumentum Ornithologicum nisqa
Cierro los ojos y veo una bandada de pájaros.	 Ñawiyta wisq’aspaymi huk t’aqa pisqukunata rikuni.
La visión dura	 sinchi rikuy
un segundo o acaso menos; no se cuantos pájaros vi.	 huk iskay kaq otaq ichapas pisilla; Mana yachanichu hayka pisqukunata rikusqayta.
Era definido o indefinido su numero?	 ¿Chiqapchu icha mana chiqapchu yupayninku karqa?
El problema involucra	 Chay sasachakuyqa chaypim kachkan
el de la existencia de Dios.	 Diospa kasqanmanta.
Si Dios existe, el numero es	 Dios kan chayqa, yupayqa
definido, porque Dios sabe cuantos pájaros vi.	 definitivo, imaraykuchus Diosqa yachan hayk’a pisqukunata rikusqayta.
Si Dios no	 sichus dios mana
existe, el numero es indefinido, porque nadie pudo llevar la	kan, yupayqa mana tukukuqmi, mana pipas apayta atisqanrayku
cuenta.	 yupay.
En tal caso, vi menos de diez pájaros (digamos) y	 Chayna kaptinqa, chunka pisqumanta pisillatam rikurqani (niy) hinaspa
mas de uno, pero no vi nueve, ocho, siete, seis, cinco,	 hukmanta aswan, ichaqa manan rikurqanichu isqun, pusaq, qanchis, suqta, phisqa, .
cuatro, tres o dos.	 tawa, kimsa utaq iskay.
Vi un numero entre diez y uno, que	 Chunkamanta hukkama yupayta rikurqani, chaymi
no es nueve, ocho, siete, seis, cinco, etc, etc.	 Manam isqun, pusaq, qanchis, suqta, pichqa, hukkunapas, hukkunapas.
Ese numero	 Chay yupay
entero es inconcebible; ergo, Dios existe	 llapanqa mana yuyay atiymi; ergo, Diosqa kanmi
Despedida	 Kacharpariiy
Entre mi amor y yo han de levantarse	 Munakuyniywan ñuqawan chawpipiqa hatarinanku tiyan
trescientas noches como trescientas paredes	 kimsa pachak tuta kimsa pachak pirqa hina
y el mar será una magia entre nosotros.	 lamar-qochapas magia hinan ñoqanchis ukhupi kanqa.
No habrá recuerdos.	 Manataqmi yuyariykuna kanqachu.
Oh tardes merecidas por la pena,	 Oh valeq tardekuna, .
noches esperanzadas de mirarte,	 suyakuy tutakuna qhawaspa, .
campos de mi camino, firmamento	 ñanniypa chakrankuna, firmamento
que estoy viendo y perdiendo.	 chayta rikushani, chinkachishani ima.
Definitivo como un mármol	 Ultimate huk mármol hina
entristecerá tu ausencia otras tardes.	 Mana kasqaykim huk tardekunatapas llakichinqa.
(“Fervor de Buenos Aires” 1923)	 (“Fervo de Buenos Aires” 1923 watapi)
Los Justos	 chanin kaq
Un hombre que cultiva un jardín, como quería Voltaire.	 Voltairepa munasqanman hina huertata tarpuq runa.
El que agradece que en la tierra haya música.	 Kay pachapi takikuna kasqanmanta agradecekuq.
El que descubre con placer una etimología.	 Pichus kusikuywan tarin huk etimologíata.
Dos empleados que en un café del Sur juegan un silencioso ajedrez.	Sur lawpi cafeteriapi iskay llamkaqkunam upallalla ajedrezta pukllanku.
El ceramista que premedita un color y una forma.	 Manka ruwaqqa ñawpaqmantaraqmi huk colorta hinaspa huk rikchayta yuyaymanan.
Un tipógrafo que compone bien esta página, que tal vez no le agrada	 Kay p'anqata allinta qillqaq tipógrafo, ichapas mana gustanchu
Una mujer y un hombre que leen los tercetos finales de cierto canto.	 Huk takiq qhepa kinsa t’aqankunata leeshaq warmiwan qhariwan.
El que acaricia a un animal dormido.	 Puñuq uywata abrazaq.
El que justifica o quiere justificar un mal que le han hecho.	 Ima mana allin rurasqatapas chaninchaq utaq chaninchayta munaq.
El que agradece que en la tierra haya Stevenson.	 Kay pachapi Stevenson kasqanmanta agradecekuq.
El que prefiere que los otros tengan razón.	 Hukkunata aswan allinpaq qhawariq.
Esas personas, que se ignoran, están salvando el mundo.	 Kay runakuna, mana uyarisqa, kay pachata qispichichkanku.
Afterglow	 qhipa k’anchay
.Siempre es conmovedor el ocaso	 Inti chinkaykuyqa kuyukuqpunim
por indigente o charro que sea,	 may indigente otaq charroña kaqtinpas, .
pero más conmovedor todavía	 ichaqa aswan kuyuchiqraqmi
es aquel brillo desesperado y final	 chay desesperado hinaspa tukupay llimpiymi
que herrumbra la llanura	 chaymi pampata oxidan
cuando el sol último se ha hundido.	 qhipa inti chinkaykuptin.
Nos duele sostener esa luz tirante y distinta,	 Chay t’inkisqa hukniray k’anchayta hap’iyqa nanachiwanchismi, .
esa alucinación que impone al espacio	 chay alucinación nisqa espacioman churaq
el unánime miedo a la sombra	 llantuymanta huk simillamanta manchakuy
y que cesa de golpe	 chaytaq qonqayllamanta sayapun
cuando notamos su falsía, como cesan los sueños	 llulla kayninta reparaspaqa, imaynatas musquykuna tukupun
cuando sabemos que soñamos.	musqukusqanchikta yachaspanchik
(“Fervor de Buenos Aires” 1923)	 (“Fervo de Buenos Aires” 1923 watapi)
Sábados	 Sábado punchawkuna
Afuera hay un ocaso, alhaja oscura	 Hawapiqa inti chinkaykuy, yana joya kachkan
engastada en el tiempo,	 tiempopi k’askanasqa, .
y una honda ciudad ciega	 hinaspa ukhu ñawsa llaqtatapas
de hombres que no te vieron.	 mana rikusuq runakunamanta.
La tarde calla o canta.	 Tardeqa upallallam utaq takikun.
Alguien descrucifica los anhelos	 Pipas chay munapayaykunata decrucrunan
clavados en el piano.	 pianoman clavasqa
Siempre, la multitud de tu hermosura.	 Sapa kuti, sumaq kayniykiq askha kaynin.
A despecho de tu desamor	 mana munakuyniyoq kaspapas
tu hermosura	 sumaq kayniyki
prodiga su milagro por el tiempo.	 Payqa tiempollanpin milagronta askhayachin.
Está en ti la ventura	 Fortunaqa qanpin kashan
como la primavera en la hoja nueva.	 musuq raphipi primavera hina.
Ya casi no soy nadie, soy tan solo ese anhelo	 Yaqa manañam pipaschu kani, chayna munapayayllam kani
que se pierde en la tarde.	 chaymi tardepi chinkapun.
En ti está la delicia	 qanpin kusikuyqa kashan
como está la crueldad en las espadas.	 imaynan espadakunapi millay ruwaypas.
Agravando la reja esta noche	 Kunan tuta rejillata agravaspa
En la sala severa	 sinchi cuartopi
se buscan como ciegos nuestras dos soledades.	 Iskay sapan kayniykuqa ñawsa runakuna hinam maskanakunku.
Sobrevive a la tarde	 tardeta kawsanku
la blancura gloriosa de tu carne.	 aychaykiq sumaq yuraq kaynin.
En nuestro amor hay una pena	 Munakuyninchikpiqa llakikuymi kan
que se parece al alma	 chaymi almaman rikchakun
que ayer solo eras toda la hermosura	 qayna punchaw llapa sumaqllaña kasqaykimanta
eres también todo el amor, ahora.	 Qamkunapas llapan kuyakuymi kankichik, kunanqa.
(“Fervor de Buenos Aires” 1923)	 (“Fervo de Buenos Aires” 1923 watapi)
Laberinto	 Laberinto nisqa
No habrá nunca una puerta.	 Manam haykapipas punkuqa kanqachu.
Estas dentro	Ukhupi kanki
y el alcázar abarca el universo	 hinaspapas chay fortalezaqa universotan muyurin
y no tiene ni anverso ni reverso	 hinaspapas manan ñawpaqninpipas nitaq qhepanpipas kanchu
ni externo muro ni secreto centro.	 ni hawa pirqapas nitaq pakasqa chawpipas.
No esperes que el rigor de tu camino	 Ama suyaychu ñanniykipi sinchi k’ullu kananta
que tercamente se bifurca en otro,	 hukman k'ulluchakuspa horquq, .
tendrá fin.	 tukukunqa.
Es de hierro tu destino	 Destinoykiqa fierro hinan
como tu juez.	 juezniyki hina
No aguardes la embestida	 Ama suyaychu chay apuraylla
del toro que es un hombre y cuya extraña	 toromanta, chay runaqa mana reqsisqataqmi
forma plural da horror a la maraña	 achka achka rimayqa manchakuytam qun chay enredoman
de interminable piedra entretejida.	 mana tukukuq chaqrusqa rumimanta.
No existe.	 Mana kanchu.
Nada esperes.	 Mana imapas suyakunchu.
Ni siquiera	 Nitaqmi nitaq
en el negro crepúsculo la fiera.	 yana tutayaypi uywa.
Instantes	 ratukuna
Si pudiera vivir nuevamente mi vida	 sichus hukmanta kawsayniyta kawsayman karqan chayqa
en la próxima trataría de cometer más errores,	 Qatiqnin kutipi astawan pantanaypaq kallpachakuq kani,
no intentaría ser tan perfecto, me relajaría más,	 Ama kallpachakuychu chhayna perfecto kanaykipaq, astawan samariyman, .
tomaría muy pocas cosas con seriedad,	 Ancha pisillatam allinpaq hapiyman
sería menos higiénico.	 mana ancha chuyachu kanman.
Correría más riesgos, haría más viajes,	 Aswan riesgokunatan hap’iyman, aswan viajekunatan hap’iyman, .
contemplaría más atardeceres, subiría más	 Aswan inti chinkaykuykunata yuyaymanaq kani, aswanta wichariq kani
montañas, nadaría más ríos. .	 urqukunata, aswan mayukunata nadayman. .
Iría a más lugares adonde nunca he ido,	 Aswan achka sitiokunamanmi riyman mana haykapipas risqayman
comería más helados y menos habas,	Aswan heladota mikhuq kani, pisi habastapas, .
tendría más problemas reales y menos imaginarios.	 aswan chiqap sasachakuyniyuqmi kankiman, aswan pisi imaginario sasachakuyniyuqtaqmi kanki.
Yo fui una de esas personas que vivió sensata	 Ñuqaqa chay allin yuyaywan kawsaq runakunamanta hukninmi karqani
y prolíficamente cada minuto de su vida;	 hinaspa prolficamente sapa minuto kawsayninpi;
claro que tuve momentos de alegría.	 claro kusikuy ratokunatan tarirqani.
Pero si pudiera volver atrás,	 Ichaqa kutiyta atiyman chayqa,
trataría de tener solamente buenos momentos.	 Kallpanchakuymanmi allin momentokunallata pasanaypaq.
Por si no lo saben, de eso está hecha la vida,	 Mana yachankichu chayqa, chaymantan kawsayqa ruwasqa kashan,
sólo de momentos; no te pierdas el ahora.	 ratukunalla; Ama kunan pachata faltaychu.
Yo era uno de esos que nunca iba a ninguna parte	 Manam haykapipas maymanpas riq runakunamanta hukninmi karqani
sin un termómetro, una bolsa de agua caliente,	 mana termómetro nisqayuq, rupha yaku botellayuq, .
un paraguas y un paracaídas;	 huk paraguaswan huk paracaidistawan;
si pudiera volver a vivir, viajaría mas liviano.	 Hukmanta kawsakuyta atiyman chayqa, aswan llamp’ullatan viajayman.
Si pudiera volver a vivir comenzaría a andar	 Sichus hukmanta kawsakuyta atiyman chayqa puriyta qallarisaq
descalzo a principios de la primavera	 primavera qallariypi q’ala chaki
y seguiría así hasta concluir el otoño.	 chaynataqmi tarpuy killa tukukunankamapas hinalla kanman.
Daría más vueltas en calesita,	 Aswanta huk carruselpi muyuriq kani, .
contemplaría más atardeceres	 Aswan inti chinkaykuykunapi yuyaymanayman
y jugaría más con niños,	 hinaspapas wawakunawanmi aswanta pukllaq kani,
si tuviera otra vez la vida por delante.	 Sichus huk kawsay ñawpaqeypi kanman chayqa.
Pero ya ven, tengo 85 años y sé que me estoy muriendo.	 Ichaqa rikunki, 85 watayoqmi kani, yachanin wañupushasqayta.
Sobre el mojado camino	chiri ñanpi
Ernesto Cardenal	 ernest cardenal sutiyuq runa
Sobre el mojado camino en el que las muchachas con sus cántaros	 Humedad ñanpi maypichus sipaskuna jarrankuwan
van y vienen,	 hamuspa ripunku
cortado en gradas en la roca,	 qaqapi pataman kuchusqa, .
colgaban como cabelleras o como culebras	 uma qara hina utaq mach’aqway hina warkusqaku
las lianas de los árboles.	 sachakunapa lianankuna.
Y una especie de superstición flotaba en todas partes.	 Hinaspa huk rikchaq yanqa iñiymi tukuy hinastinpi phawaykachaq.
Y abajo:	 Hinaspa uraypi:
la laguna de color de limón,	 limón llimp’iyuq laguna, .
pulida como jade.	 jade hina llimp’isqa.
Subían los gritos del agua	 Yakupa qapariyninmi wicharirqa
y el ruido de los cuerpos de color de barro contra el agua.	 hinaspa mitu colorniyuq cuerpokunapa yakupa contranpi qapariyninpas.
Una especie de superstición.	 Huk rikchaq yanqa iñiy.
Las muchachas iban y venían con sus cántaros	 Sipaskunaqa hamuspa ripurqankun p’uytunkuwan
cantando un antiguo canto de amor.	 ñawpa munakuy taki takispa.
Las que subían iban rectas como estatuas,	 Wichariqkunaqa estatuakuna hinam derecholla karqaku.
bajo sus frescas áncoras rojas con dibujos	 q’uñi puka llimp’iyuq anclankupa uranpi
los cuerpos frescos de figura de ánfora.	 chay musuq cuerpokuna anfora figura.
Y las que bajaban	 uraykamuqkunatapas
iban saltando y corriendo como ciervas	 paykunaqa saltaspa phawaykachasharqankun hidkuna hina
y en el viento se abrían sus faldas como flores.	 Wayrawantaq t’ikakuna hina faldanku kicharikurqan.
Poemas de Mario Benedetti	 Mario Benedettipa harawinkuna
No te salves	 Ama qespikuychu
No te quedes inmóvil	 ama sayaychu
al borde del camino,	 ñan patapi, .
no congeles el júbilo,	ama kusikuytaqa chirichiychu, .
no quieras con desgana,	 mana munaspaqa mana munaspachu, .
no te salves ahora	 ama kunanqa qespikuychu
ni nunca.	 mana hayk’aqpas.
No te salves.	 Ama qespikuychu.
No te llenes de calma,	 Ama thak kaychu
no reserves del mundo	 ama kay pachamanta reservakuychu
sólo un rincón tranquilo,	 huk ch’in k’uchullapi
no dejes caer los párpados	 ama ñawiykita urmachiychu
pesados como juicios,	 juiciokuna hina llasa, .
no te quedes sin labios,	 ama simiykipas pisiyaychu, .
no te quedes sin sueño,	 ama mana puñuspa qhepakuychu, .
no te pienses sin sangre,	 ama piensaychischu mana yawarniyoqqa, .
no te juzgues sin tiempo.	 ama tiempowanqa juzgakuychu.
Pero si,	 Ichaqa sichus,
pese a todo,	 Chaypas,
no puedes evitarlo;	 Manan chaymantaqa karunchakuyta atiwaqchu;
y congelas el júbilo,	 hinaspa kusikuyta chirichinki,
y quieres con desgana,	 mana munaspataq munanki,
y te salvas ahora,	 kunantaq qespichisqaña kankichis,
y te llenas de calma,	 hinaspan thak kaywan hunt'a kanki,
y reservas del mundo,	 hinaspa kay pachapi waqaychasqakuna, .
sólo un rincón tranquilo,	 huk ch’in k’uchullapi
y dejas caer los párpados	 hinaspa ñawiykipa patankunata urmachinki
pesados como juicios,	 juiciokuna hina llasa, .
y te secas sin labios,	 mana simiyuqtaq ch'akinki,
y te duermes sin sueño,	 hinaspa mana puñuspa puñunki,
y te piensas sin sangre,	 mana yawarniyoqtaq yuyaykunkichis,
y te juzgas sin tiempo,	 mana tiempoyoqtaqmi qan kikiykita juzgakunki,
y te quedas inmóvil	 hinaspataq ch'inlla qhepakunki
al borde del camino,	 ñan patapi, .
y te salvas;	 qespichisqataqmi kankichis;
entonces	 chaynaqa
no te quedes conmigo.	 ama ñoqawan qhepakuychu
Rostro de vos	 uyaykipi
Tengo una soledad	 Sapallan kaymi kani
tan concurrida	 chayna achka runakunawan huntasqa
tan llena de nostalgias	 chaymi hunt’a nostalgiawan
y de rostros de vos	 uyaykichistapas
de adioses hace tiempo	 despedida unayña
y besos bienvenidos	 hinaspa allin chaskisqa much’aykuna
de primeras de cambio	ñawpaqtaqa tikraymanta
y de último vagón.	 hinaspa qhepa carrotapas.
Tengo una soledad	 Sapallan kaymi kani
tan concurrida	 chayna achka runakunawan huntasqa
que puedo organizarla	 chayta organizayta atisqayta
como una procesión	 procesion hina
por colores	 llimp’ikunawan
tamaños	 sayayninkuna
y promesas	 hinaspa promesakunatapas
por época	 pachaman hina
por tacto	 llamiykuspa
y por sabor.	 hinaspapas sabor nisqapaqpas.
Sin temblor de más	 Manaña khatatatay
me abrazo a tus ausencias	 Mana kasqaykita abrazani
que asisten y me asisten	 pikunachus yanapawanku, yanapawanku ima
con mi rostro de vos.	 uyaywan qanmanta
Estoy lleno de sombras	 Llantuykunawan hunt'a kashani
de noches y deseos	 tutakunamanta, munaykunamanta
de risas y de alguna	 asikuymanta hinaspa wakinmanta
maldición.	 ñakasqa.
Mis huéspedes concurren	 Invitadoykunam chayman rinku
concurren como sueños	 musquy hina huñunakunku
con sus rencores nuevos	 mosoq envidiankuwan
su falta de candor	 mana sut’ita rimasqanmanta
yo les pongo una escoba	 Huk escobata churani
tras la puerta	 punkupa qipanpi
porque quiero estar solo	 sapallay kayta munasqayrayku
con mi rostro de vos.	 uyaywan qanmanta
Pero el rostro de vos	 Ichaqa uyayki
mira a otra parte	 huklawpi qaway
con sus ojos de amor	 munakuy ñawinwan
que ya no aman	 manaña munakusqankuta
como víveres	 mikhuy rantiqkuna hina
que buscan su hambre	 yarqayninkuta maskaqkuna
miran y miran	 qhawanku hinaspa qhawarinku
y apagan mi jornada.	 hinaspa p’unchayniyta wañuchiy.
Las paredes se van	 pirqakuna ripun
queda la noche	 tutam qipan
las nostalgias se van	 chay nostalgia nisqa chinkapun
no queda nada.	 mana imapas puchunchu.
Ya mi rostro de vos	 ya uyay qanmanta
cierra los ojos	 ñawiykita wisq’ay
y es una soledad	 hinaspapas sapallanmi
tan desolada.	 chaymi ch’usaq
Hagamos un trato	 Huk Tratota ruwasun
Cuando sientas tu herida sangrar	K’iriyki yawarchakuchkaqta sienteptiyki
cuando sientas tu voz sollozar	 kunkayki waqachkaqta sientespaykiqa
cuenta conmigo	 ñuqawan yupay
Carlos Puebla	 Carlos Puebla
Compañera,	 Masi,
usted sabe	 Yachankim
que puede contar conmigo,	 pichus ñuqapi yupayta atinman
no hasta dos ni hasta diez,	 mana iskaykamachu nitaq chunkakamachu,
sino contar conmigo.	 ichaqa ñoqapi yupakuychis
Si algunas veces	 Arí, mayninpiqa
advierte	 nispam advertin
que la miro a los ojos,	 ñawinta qhawasqayta,
y una veta de amor	 hinaspa munakuypa llimp’inpas
reconoce en los míos,	 riqsiy ñuqapi, .
no alerte sus fusiles	 ama fusilniykikunata alertaychu
ni piense que deliro;	 Ama piensaypaschu delirante kasqayta;
a pesar de la veta,	 vena kaptinpas, .
o tal vez porque existe,	 otaq ichapas kasqanrayku, .
usted puede contar	 yupayta atinki
conmigo.	 ñuqawan kuska.
Si otras veces	 sichus huk kutikunapi
me encuentra	 Paymi tariwan
huraño sin motivo,	 mana imaraykupas llakisqa, .
ni piense que es flojera	 ama qella kananpaqpas yuyaykuychu
igual puede contar conmigo.	 kunankamapas yupayta atinkim.
Pero hagamos un trato:	 Ichaqa huk acuerdota ruwasun:
yo quisiera contar con usted,	 Qankunawanmi yupayta munani
es tan lindo	 payqa ancha munaymi
saber que usted existe,	 yachay kasqaykita
uno se siente vivo;	 hukqa kawsachkaq hinam sientekun;
y cuanto digo esto	 hinaspa kayta nispay
quiero decir contar	 i niyta munani yupay
aunque sea hasta dos,	 iskaykamaña kanman chaypas
aunque sea hasta cinco.	 Pichqakamaña kanman chaypas.
No para que acuda	 mana ñuqa hamunaypaqchu
presurosa en mi auxilio,	 yanapaqniyman kallpay, .
sino para saber	 ichaqa yachanapaqmi
a ciencia cierta	 seguro
que usted sabe que puede	chayta yachanki atisqaykita
contar conmigo.	 ñuqawan yupay.
Viceversa	 Vice versa nisqa
Tengo miedo de verte	 Manchakuni qawayta
necesidad de verte	 necesitan rikunaykita
esperanza de verte	 suyakuyniykichista rikunaykichista
desazones de verte	 mana hawka kay rikusunaykipaq
tengo ganas de hallarte	 Tariyta munani
preocupación de hallarte	 preocupacion tarisunaykipaq
certidumbre de hallarte	 seguridad tarisunaykipaq
pobres dudas de hallarte	 mana allin iskayrayaykuna tarisunaykipaq
tengo urgencia de oírte	 Urgente uyarinaypaqmi kani
alegría de oírte	 kusikuy uyarisusqaykimanta
buena suerte de oírte	 allin suerte uyarisqaykimanta
y temores de oírte	 uyariyta manchakuspapas
o sea	 Niyta munani
resumiendo	 resumenpi rimaspa
estoy jodido	 Ñuqaqa tornillasqam kachkani
y radiante	 hinaspa k’anchariq
quizá más lo primero	 ichapas aswan ñawpaqta
que lo segundo	 chay iskay kaq
y también	 hinallataq
viceversa.	 viceversa nisqa.
Estados de ánimo	 Humorkuna
A veces me siento	 Mayninpiqa sienteni
como un águila en el aire.	 wayrapi atoq hina.
Pablo Milanés	 Pablo Milanes sutiyuq runa
Unas veces me siento	 wakin kutiqa sienteni
como pobre colina	 wakcha urqu hina
y otras como montaña	 wakintaq urqukuna hina
de cumbres repetidas.	 kuti kuti picos nisqamanta.
Unas veces me siento	 wakin kutiqa sienteni
como un acantilado	 qaqa hina
y en otras como un cielo	 wakinpitaq hanaq pacha hina
azul pero lejano.	 azul ichaqa karu
A veces uno es	 wakin kutipiqa hukninmi
manantial entre rocas	 qaqakuna chawpipi pukyu
y otras veces un árbol	 huk kutitaq sach’a
con las últimas hojas.	 qhipa raphikunawan.
Pero hoy me siento apenas	 Ichaqa kunan p’unchaymi pisillata sientekuni
como laguna insomne	 mana puñuyniyuq laguna hina
con un embarcadero	huk muellewan
ya sin embarcaciones	 mana boteyuq
una laguna verde	 huk verde laguna
inmóvil y paciente	 mana kuyukuq hinaspa pacienciayuq
conforme con sus algas	 lamar quchapi quchankuwan saksasqa
sus musgos y sus peces,	 musgochankunapas challwankunapas,
sereno en mi confianza	 sereno confianzaypi
confiando en que una tarde	 chay huk tardepi confiaspa
te acerques y te mires,	 asuykuspa qan kikiykita qhawarikuy,
te mires al mirarme.	 qawawanki
Lovers go Home!	 Munakuqkuna wasiman riy!
Ahora que empecé el día	 Kunanqa p’unchayta qallarisqayrayku
volviendo a tu mirada,	 qhawarisqaykiman kutispa, .
y me encontraste bien	 hinaspa allinta tariwanki
y te encontré más linda.	 hinaspan aswan sumaqta tarirqayki.
Ahora que por fin	 kunanqa chay tukukuypi
esta bastante claro	 chayqa ancha sut’inmi
donde estás y donde	 maypitaq kachkanki, maypitaq kachkanki
estoy.	 Ñuqam kani.
Se por primera vez	 Ñawpaq kutitaraqmi yachani
que tendré fuerzas	 kallpayoq kanaypaq
para construir contigo	 qanwan kuska hatarichinapaq
una amistad tan piola,	 chayna q’uñi amistad
que del vecino	 imataq runamasimanta
territorio del amor,	 munakuypa territorion, .
ese desesperado,	 chay desesperado, .
empezarán a mirarnos	 paykunaqa qhawayta qallariwasun
con envidia,	 envidiawan, .
y acabaran organizando	 hinaspan organizakuspa tukunqaku
excursiones	 excursiones nisqakuna
para venir a preguntarnos	 tapuwanankupaq hamunankupaq
cómo hicimos.	 imaynatam ruwarqanchik
Nuevo canal interoceánico	 Musuq kanal interoceánico nisqa
Te propongo construir	 Hatarichinaypaqmi proponeni
un nuevo canal	 huk musuq kanal
sin esclusas	 mana wichq’anayuq
ni excusas	 mana excusakunayuq
que comuniquen por fin	 tukukuypi rimanakuchunku
tu mirada	 Qanpa qhawariyniyki
atlántica	 atlántico nisqa
con mi natural pacífico.	hawka kawsayniywan.
Pablo Neruda	 Pablo Neruda sutiyuq runa
Poema 15	 harawi 15
Me gustas cuando callas porque estás como ausente;	 Mana kasqaykirayku upallalla kaspaykiqa gustasunkim;
y me oyes desde lejos, y mi voz no te toca.	 Karumantataq uyariwanki, kunkayqa mana llamiykusunkichu.
Parece que los ojos se te hubieran volado	 Ñawiykikuna wayrawan lluqsisqaman rikchakun
y parece que un beso te cerrara la boca.	 hinaspapas much’ay simiykita wisq’asunkiman hina.
Como todas las cosas están llenas de mi alma,	 Imaynan tukuy imapas almaywan hunt'a kashan,
emerges de las cosas llenas del alma mía.	 almay hunt’a kaqkunamantan lloqsimunki.
Mariposa de sueño, te pareces a mi alma,	 Musquy pillpintu, almaymanmi rikchakunki,
y te pareces a la palabra melancolía.	 hinaspapas melancólia nisqa simimanmi rikch’akunki.
Me gustas cuando callas y estás como distante.	 Upallalla kaspaykiqa gustanmi.
Y estás como quejándote, mariposa en arrullo.	 Hinaspa quejakuq hina kanki, lullaby pillpintu.
Y me oyes desde lejos, y mi voz no te alcanza.	 Hinaspa karumanta uyariwanki, manataqmi kunkaypas chayasunkichu.
Déjame que me calle con el silencio tuyo.	 Permitiway upallalla kanaypaq.
Déjame que te hable también con tu silencio	 Qanwanpas upallalla rimasqayki
claro como una lámpara, simple como un anillo.	 lamparata hina chuya, anillo hina simple.
Eres como la noche, callada y constelada.	 Tuta hinam kanki, upallalla hinaspa quyllur hina.
Tu silencio es de estrella, tan lejano y sencillo.	 Upallalla kasqaykiqa quyllurkunamantam, chayna karu hinaspa mana sasachakuspalla.
Me gustas cuando callas porque estás como ausente.	 Mana kasqaykirayku upallalla kaspaykiqa gustasunkim.
Distante y dolorosa como si hubieras muerto.	 Karu hinaspa wañusqa hina nanayniyuq.
Una palabra entonces, una sonrisa bastan.	Huk similla chaymanta, huk asirikuylla suficiente.
Y estoy alegre, alegre de que no sea cierto.	 Hinaspa kusisqa, kusisqa mana chiqap kasqanmanta.
Farewell	 kacharpariiy
Desde el fondo de tí, y arrodillado,	 Qanpa ukhuykimanta, hinaspa qonqoriykukuspa, .
un niño triste como yo nos mira.	 ñuqa hina llakisqa wawam qawawanchik.
Por esa vida que arderá en sus venas	 Chay vinaykipi ruphachiq kawsaypaq
tendrían que amarrarse nuestras vidas.	 kawsayninchikqa watasqa kanan karqa.
Por esas manos, hijas de tus manos,	 Chay makiykichiswan, makiykichispa ususinkuna,
tendrían que matar las manos mías.	 makiykunata wañuchinanku karqan.
Por sus ojos abiertos en tierra,	 Allpapi kichasqa ñawinkuwan,
verá en los tuyos lágrimas un día.	 Huk punchawmi waqasqaykipi qawanqa.
Yo no lo quiero, amada.	 Manam munanichu, kuyasqay.
Para que nada nos amarre,	 Chaynapi mana imapas watawananchikpaq,
que no nos una nada.	 mana imapas hukllawachiwananchikta.
Ni la palabra que aromó tu boca,	 Nitaqmi simiykita q'apachiq simipas,
ni lo que no dijeron las palabras.	 nitaq simikunaq mana nisqantapas.
Ni la fiesta de amor que no tuvimos,	 Nitaqmi mana ruwasqayku munakuy fiestapas, .
ni tus sollozos junto a la ventana.	 nitaq ventana qayllapi waqayniykipas.
Amo el amor de los marineros que besan y se van.	 Muchanakuspa riq marinerokunapa kuyakuynintam anchata kuyani.
Dejan una promesa y no vuelven nunca más.	 Promesata saqespanku manaña haykapipas kutimunkuchu.
En cada puerto una mujer espera;	 Sapa puertopin huk warmi suyan;
los marineros besan y se van.	 marinerokuna much’aykuspanku ripunku.
Una noche se acuestan con la muerte en el lecho del mar.	 Huk tutam lamar quchapa patanpi wañuywan puñunku.
Amo el amor que se reparte en besos, lecho y pan.	 Munakuykunapi, puñunapi, t’antapi rakisqa munakuytaqa anchatam kuyani.
Amor que puede ser eterno y puede ser fugaz.	Wiñaypaq kanman, pisi tiempollapaqtaq munakuy.
Amor que quiere libertarse para volver a amar.	 Yapamanta munakuyta munakuq kacharichiyta munaq.
Amor divinizado que se acerca, amor divinizado que se va.	 Asuykamuq dioschasqa munakuy, ripuq dioschasqa munakuy.
Ya no se encantarán mis ojos en tus ojos,	 Ñawiyqa manañam ñawiykipi encantasqachu kanqa,
ya no se endulzará junto a tí mi dolor.	 Manañam nanayniyqa qamwan misk’ichisqañachu kanqa.
Pero hacia donde vaya llevaré tu mirada,	 Ichaqa maymanchus risaq chayman qhawariyniykita apasaq,
y hacia donde camines llevarás mi dolor.	 maypi purisqaykipitaq nanayta apawanki.
Fui tuyo, fuiste mía.	 Ñuqa qampa karqani, qamtaq ñuqapa karqanki
¿Qué mas?	 ¿Imatawantaq?
Juntos hicimos un recodo en lar ruta donde el amor pasó.	 Kuskaykutaqmi munakuy pasasqan ñanpi huk k’uyuykurqayku.
Fui tuyo, fuiste mía.	 Ñuqa qampa karqani, qamtaq ñuqapa karqanki
Tú serás del que te ame,	 Qanmi kanki munakuqniyki,
del que corte en tu huerto lo que he sembrado yo.	 Huertaykipi tarpusqayta kuchuqmanta.
Yo me voy, estoy triste, pero siempre estoy triste.	 Ripuchkani, llakisqa kachkani, ichaqa sapa kuti llakisqa kachkani.
Vengo desde tus brazos.	 Makiykimantam hamuni.
No sé hacia dónde voy.	 Manam yachanichu mayman risqayta.
Desde tu corazón me dice adiós un niño,	 Sonqoykimantan huk wawa despediwan,
¡y yo le digo adiós!.	 hinaspa despedikuni!
LA LÁMPARA EN LA TIERRA	 PAPA PACHAPI LAMPA
AMOR AMÉRICA (1400)	 MUNAKUY AMERICA (1400) .
ANTES de la peluca y la casaca	 Pelucawan punchuwan ñawpaqninpi
fueron los ríos, ríos arteriales:	 karqan mayukuna, arterial mayukuna:
fueron las cordilleras, en cuya onda raída	 karqan orqokuna, chaykunaq q’aytu hina ola
el cóndor o la nieve parecían inmóviles:	 condorpas otaq rit’ipas mana kuyukuq hinan rikch’akurqan:
fue la humedad y la espesura, el trueno	Chayqa karqan chiri kayninpas, rakhu kayninpas, t’oqyaypas
sin nombre todavía, las pampas planetarias.	 mana sutiyuqraq, planeta pampas.
El hombre tierra fue, vasija, párpado	 Allpa runaqa karqan, vaso, ñawi ch’ipi
del barro trémulo, forma de la arcilla,	 chay khatatataq t’urumanta, t’urumanta rikch’akuq, .
fue cántaro caribe, piedra chibcha,	 Chayqa karqan Caribemanta pitcher, Chibcha rumi, .
copa imperial o sílice araucana.	 imperial copa icha Araucanian silica nisqa.
Tierno y sangriento fue, pero en la empuñadura	 Llampu yawarllañam karqa, ichaqa empuñadurapim
de su arma de cristal humedecido,	 vidriomanta maqchisqa armanmanta, .
las iniciales de la tierra estaban	 kay pachaq qallariy letrakunan karqan
escritas.	 qillqasqa.
Nadie pudo	 mana pipas atirqachu
recordarlas después: el viento	 chaykunata qhipaman yuyariy: wayra
las olvidó, el idioma del agua	 chaykunata qunqarurqa, yaku simita
fue enterrado, las claves se perdieron	 p’ampasqa, llavekuna chinkasqa
o se inundaron de silencio o sangre.	 otaq ch’inllawan otaq yawarwan hunt’aykusqa karqanku.
No se perdió la vida, hermanos pastorales.	 Mana ima kawsaypas chinkarqachu, pastoral wawqikuna.
Pero como una rosa salvaje	 Ichaqa sallqa rosas hina
cayó una gota roja en la espesura	 huk puka sut’uy sach’a-sach’api urmaykusqa
y se apagó una lámpara de tierra.	 Hinaptinmi allpamanta mechero wañururqa.
Yo estoy aquí para contar la historia.	 Willanaypaqmi kaypi kachkani.
Desde la paz del búfalo	 Bufalopa thak kayninmanta
hasta las azotadas arenas	 laq’asqa rit’ikunaman
de la tierra final, en las espumas	 qhipa allpamanta, espumakunapi
acumuladas de la luz antártica,	 Antártida k'anchaypa huñusqa, .
y por las madrigueras despeñadas	 hinaspa p’akisqa t’oqokunaq chawpinta
de la sombría paz venezolana,	Venezuela suyupi llakisqa thak kawsaymanta,
te busqué, padre mío,	 Maskharqaykim taytay, .
joven guerrero de tiniebla y cobre	 tutayaqmanta, cobremanta wayna maqanakuq
oh tú, planta nupcial, cabellera indomable,	 ay qan, novia planta, mana atipay atina chukcha, .
madre caimán, metálica paloma.	 mama cocodrilo, q’illay paloma.
Yo, incásico del légamo,	 Ñuqa, Inkakuna, .
toqué la piedra y dije:	 Rumita llamiykuspaymi nirqani:
Quién	 Pi
me espera?	 suyaway?
Y apreté la mano	 hinaspa makiykita llachpaykurqani
sobre un puñado de cristal vacío.	 huk maki ch’usaq vaso patapi.
Pero anduve entre flores zapotecas	 Ichaqa Zapotec t’ikakuna ukhupin purirqani
y dulce era la luz como un venado,	 misk'itaqmi k'anchayqa karqan ciervo hina,
y era la sombra como un párpado verde.	 chaytaq q’omer ñawi ch’ipi hina llanthun kasqa.
Tierra mía sin nombre, sin América,	 Allpay mana sutiyuq, mana Américayuq, .
estambre equinoccial, lanza de púrpura,	 estambre equinoccio, lanza de morado, .
tu aroma me trepó por las raíces	 q’apayniykiqa saphiykunatan wicharirqan
hasta la copa que bebía, hasta la más delgada	 Upyasqan vasotapas, aswan llañullañatapas
palabra aún no nacida de mi boca.	 simiymanta manaraq naceq simi.
Gabriela Mistral	 Gabriela Mistral sutiyuq warmi
Vergüenza	 Pinqakuy
Si tú me miras, yo me vuelvo hermosa	 Qawawaqtiykiqa sumaqllañam kani
como la hierba a que bajó el rocío,	 runtu urmaykusqan pasto hina,
y desconocerán mi faz gloriosa	 manataqmi paykunapas reqsinqakuchu k’ancharishaq uyayta
las altas cañas cuando baje el río.	 mayu uraykamuptin hatun k’aspikuna.
Tengo vergüenza de mi boca triste,	 Llakisqa simiymanta p'enqakuni,
de mi voz rota y mis rodillas rudas;	 p’akisqa kunkaymanta, k’arak qonqoriymantawan;
ahora que me miraste y que viniste,	kunanqa qhawariwaspayki hamusqaykirayku,
me encontré pobre y me palpé desnuda.	 Wakchata tarikuspaymi q’ala hina sientekurqani.
Ninguna piedra en el camino hallaste	 Ñanpiqa manam rumitapas tarirqankichu
más desnuda de luz en la alborada	 aswan q’ala k’anchaymanta pacha illarimuypi
que esta mujer a la que levantaste,	 kay uywasqayki warmita,
porque oíste su canto, la mirada.	 takiyninta uyarisqaykirayku, chay qhawariyta.
Yo callaré para que no conozcan	 Ch'inlla kasaq mana yachanankupaq
mi dicha los que pasan por el llano,	 kusikuyniy pampata pasaqkuna,
en el fulgor que da a mi frente tosca	 chay k’anchariypi, chaymi askha mat’iyman qon
y en la tremolación que hay en mi mano.	 makiypi kaq khatatataypipas.
Es noche y baja a la hierba el rocío;	 Tutañam, runtupas qura patamanmi urmaykun;
mírame largo y habla con ternura,	 unayta qhawariwaspa sumaqllata rimapayay,
¡que ya mañana, al descender al río,	 chaymi paqarinña, mayuman uraykamuspa,
la que besaste llevará hermosura!	 much’asqaykiqa sumaq kaytan churakunqa!
Nocturno	 Tuta
¡Padre nuestro, que estás en los cielos!	 ¡Hanaq pachapi kaq taytanchik!
¿Por qué te has olvidado de mí?	 ¿Imanasqataq qunqawanki?
Te acordaste del fruto en febrero,	 Febrero killapi, 2016 watapi chay ruruta yuyarirqanki.
al llagarse su pulpa rubí.	 rubí pulpan nanaptin.
¡Llevo abierto también mi costado,	 Hinallataqmi ladoypas kichasqa kashan, .
y no quieres mirar hacia mí!	 manataqmi qhawariwayta munankichu!
Te acordaste del negro racimo	 Yuyarirqankichu yana qututa
y lo diste al lagar carmesí,	 hinaspataq pukayasqa prensaman qorqanki,
y aventaste las hojas del álamo	 hinaspa álamo raphikunata ventilarqanki
con tu aliento, en el aire sutil.	 samayniykiwan, mana rikukuq wayrapi.
¡Y en el ancho lagar de la muerte	Wañuypa ancho uvas sapinpipas
aún no quieres mi pecho oprimir!	 kunankamapas manam sinqayta sarunchayta munankichu!
Caminando, vi abrir las violetas;	 Purispaymi rikurqani violetakunata kichasqata;
el falerno del viento bebí.	 wayrapa falernonta upyarqani.
y he bajado amarillos mis párpados	 hinaspa ñawiypa patankunatapas q’illuta uraykachirqani
por no ver más enero ni abril.	 aswan enero killapi otaq abril killapi mana rikusqankumanta.
Y he apretado la boca, anegada	 Hinaspa simiyta k’iskiykurqani, unupi chinkaykurqani
de la estrofa que no he de exprimir.	 chay estrofamanta, chaytaqa manan siq’inaychu.
¡Has querido la nube de otoño	 Otoño phuyuta munarqanki
y quieres volverte hacia mí!	 hinaspataq ñoqaman kutirikuyta munanki!
Me vendió el que besó mi mejilla,	 Ñuqataqa uyayta much’aykuwaqniymi rantikuwarqa,
me negó por la túnica ruin.	 Payqa negawarqanmi túnica base nisqarayku.
Yo en mis versos el rostro con sangre,	 Ñuqa versiculoykunapi yawarwan uya,
como Tú sobre el paño, le di.	 tela patapi Qan hina, paymanmi qorqani.
Y en mi noche del Huerto me han sido	 Hinaspa Huertapi tutaypi paykunaqa karqanku
Juan cobarde y el Angel hostil.	 Manchalido Juanwan awqa Angelwan.
Ha venido el cansancio infinito	 Mana tukukuq sayk’uymi chayamurqan
a clavarse en mis ojos, al fin;	 ñawiyman k’askanakunanpaq, qhepaman;
el cansancio del día que muere,	 wañuq p'unchawpa sayk'uynin, .
y del alba que debe venir;	 hinaspa hamunanmanta pacha illarimuymantapas;
¡el cansancio del cielo de estaño	 lata hanaq pachap sayk’uynin
y el cansancio del cielo de añil!	 hinaspa indigo hanaq pachaq sayk’uyninpas!
Ahora suelto la mártir sandalia	 Kunanqa suchuchiy sandalia mártir
y las trenzas, pidiendo dormir.	 hinaspa trenzakunata, puñuyta mañakuspa.
Y perdida en la noche, levanto	 Hinaspa tutapi chinkasqa, hatarini
el clamor aprendido de tí:	 chay qapariymi qanmanta yacharqan:
¡Padre nuestro, que estás en los cielos!	 ¡Hanaq pachapi kaq taytanchik!
¿Por qué te has olvidado de mí?	 ¿Imanasqataq qunqawanki?
Los Sonetos de la Muerte (Desolación, 1922)	Wañuypa sonetonkuna (Ch'usaq, 1922) .
Del nicho helado en que los hombres te pusieron,	 Qharikuna churasusqayki nicho congeladomanta,
te bajaré a la tierra humilde y soleada.	 Humilde, intipa kancharisqan hallp'aman uraykachisqayki.
Que he de dormirme en ella los hombres no supieron,	 Chaypi puñunay kasqanmantaqa manam chay runakunaqa yacharqakuchu,
y que hemos de soñar sobre la misma almohada.	 hinaspapas chay almohadallapi musqukunanchik kasqanmanta.
Te acostaré en la tierra soleada con una	 Inti allpapi puñuchisqayki a
dulcedumbre de madre para el hijo dormido,	 puñuq churipaq mama misk'i, .
y la tierra ha de hacerse suavidades de cuna	 hinaspa allpaqa cuna llampu kaymanmi tikrakunan
al recibir tu cuerpo de niño dolorido,	 nanasqa wawapa cuerpoykita chaskisqaykipi,
Luego iré espolvoreando tierra y polvo de rosas,	 Chaymantataq hallp'ata, ñut'u allpata rosas ch'aqchuq risaq,
y en la azulada y leve polvoreda de luna,	 killapa azul, llampu polvo nisqapipas,
los despojos livianos irán quedando presos.	 chay k'anchay suwasqakunaqa preso hinan qhepanqa.
Me alejaré cantando mis venganzas hermosas,	 Sumaq vengakuyniyta takispa purisaq,
¡porque a ese hondor recóndito la mano de ninguna	 chay pakasqa ukhupi mana pipas makin kasqanrayku
bajará a disputarme tu puñado de huesos!	 uraykamunqa makilla tulluykikunata ch’aqwananpaq!
Este largo cansancio se hará mayor un día,	 Kay unay sayk’uyqa huk p’unchaymi aswan hatun kanqa,
y el alma dirá al cuerpo que no quiere seguir	 almataqmi cuerpoman willanqa mana hinalla puriyta munasqanmanta
arrastrando su masa por la rosada vía,	 rosas ñanninta masanta aysaspa, .
por donde van los hombres, contentos de vivir.	 maymanchus qharikuna rinku, kusisqa kawsaspa.
Sentirás que a tu lado cavan briosamente,	 Sientenki ladoykipi usqhaylla t’oqosqankuta,
que otra dormida llega a la quieta ciudad.	Chay huk puñusqa warmi chayamun chay ch’in llaqtaman.
Esperaré que me hayan cubierto totalmente.	 Suyasaqmi hunt’asqata tapawasqankuta.
¡y después hablaremos por una eternidad!	 Hinaspa chaymantaqa wiñaypaq rimasun!
Sólo entonces sabrás el por qué no madura	 Chayraqmi yachanki imarayku mana puqusqanmanta
para las hondas huesas tu carne todavía,	 ukhu tullukunarayku aychaykikuna hinalla,
tuviste que bajar, sin fatiga, a dormir.	 uraykamunayki karqan, mana sayk’usqa, puñunaykipaq.
Se hará luz en la zona de los sinos, oscura:	 Sinus nisqakunaq k’anchayninpin kanqa k’anchay, tutayaq:
sabrás que en nuestra alianza signo de astros había	 yachankichismi alianzanchispi ch’askakunaq señalnin kasqanmanta
y, roto el pacto enorme, tenías que morir.	 hinaspa, hatun pacto p’akispa, wañunayki karqan.
Malas manos tomaron tu vida desde el día	 Mana allin makikunam chay punchawmanta kawsaynikita qechururqa
en que, a una señal de astros, dejara su plantel	 chaypi, quyllurkunamanta huk señalwan, campusninmanta lluqsirqa
nevado de azucenas.	 rit’iyuq liriokuna
En gozo florecía.	 Kusikuywanmi t’ikarimurqan.
Malas manos entraron trágicamente en él.	 Mana allin makikunam llakikuypaq chayman yaykururqaku.
Y yo dije al Señor:  -  “Por las sendas mortales	" Hinaptinmi Tayta Diosta nirqani: - ""Wañuchiq ñankunapi""."
le llevan ¡Sombra amada que no saben guiar!	 payta apanku munasqa Sombrata mana pusayta yachasqankuta!
¡Arráncalo, Señor, a esas manos fatales	 Chay wañuypaq makikunamanta, Wiraqocha, llik’iykuy
o le hundes en el largo sueño que sabes dar!	 otaq qoyta yachasqayki unay puñuyman chinkachiy!
¡No le puedo gritar, no le puedo seguir!	 ¡Manan qapariyta atiymanchu, manan qatiyta atiymanchu!
Su barca empuja un negro viento de tempestad.	 Botenqa yana wayra wayratam tanqan.
Retórnalo a mis brazos o le siegas en flor”.	 Marq’ayniyman kutichiy mana chayqa t’ikashaqta cosechanki.
Se detuvo la barca rosa de su vivir.	Kawsayninpi rosa boteqa sayarurqa.
¿Que no sé del amor, que no tuve piedad?	 Munakuymanta mana yachasqayta, mana khuyapayasqayta?
¡Tú, que vas a juzgarme, lo comprendes, Señor!	 ¡Qan, juzgawaqniy, entiendey, Señor!
Balada	 Balada nisqa
El pasó con otra;	 Hukwan kuska pasasqa;
yo le vi pasar.	 Payta pasashaqta rikurqani.
Siempre dulce el viento	 Wayraqa misk’ipuni
y el camino en paz.	 hinaspa hawkalla ñantapas.
¡Y estos ojos míseros	 Hinaspa kay llakisqa ñawikuna
le vieron pasar!	 pasashaqta rikurqanku!
El va amando a otra	 Payqa hukta munakuchkan
por la tierra en flor.	 t’ikaq allpanta pasaspa.
Ha abierto el espino;	 Paymi kichkata kicharurqa;
pasa una canción.	 huk takita pasachiy
¡Y el va amando a otra	 Hinaspa hukta munakuchkan
por la tierra en flor!	 ¡t'ikashaq hallp'apaq!
El besó a la otra	 Huknintataq much’aykusqa
a orillas del mar;	 lamar qocha patapi;
resbaló en las olas	 olakunapi llimp’iykusqa
la luna de azahar.	 naranja t’ika killa
¡Y no untó mi sangre	 Hinaspapas manan yawarniytaqa llusirqanchu
la extensión del mar!	 lamar qochapa hatun kaynin!
El irá con otra	 Hukwantaqmi rinqa
por la eternidad.	 wiñaypaq.
Habrá cielos dulces.	 Miski hanaq pachakuna kanqa.
(Dios quiere callar.)	 (Diosqa upallakuytam munan).
¡Y el irá con otra	 Hinaspa hukwan kuska rinqa
por la eternidad!	 ¡wiñaypaq!
Volverlo a Ver	 Hukmanta qaway
¿Y nunca, nunca más, ni en noches llenas	 Hinaspapas manaña hayk’aqpas, manaña hayk’aqpas, nitaqmi hunt’a tutakunapipas
de temblor de astros, ni en las alboradas	 quyllurkunap khatatatasqanmanta, nitaq achikyaymanta
vírgenes, ni en las tardes inmoladas?	 doncellakuna, nitaq ruphachisqa ch’isikunapichu?
¿Al margen de ningún sendero pálido,	 Mana llimp’i ñanmanta karunchakusqa, .
que ciñe el campo, al margen de ninguna	chay chakrata muyuriq, hawa mayqinmantapas
fontana trémula, blanca de luna?	 tremulous fountain, killa yuraq?
¿Bajo las trenzaduras de la selva,	 Yunka trenzakuna urapi, .
donde llamándolo me ha anochecido,	 maypichus payta waqyayqa tutayapun, .
ni en la gruta que vuelve mi alarido?	 nitaq qaparisqayta kutichiq grutapichu?
¡Oh, no!	 ¡Ay mana!
¡Volverlo a ver, no importa dónde,	 Payta hukmanta rikuy, maypiña kaqtinpas,
en remansos de cielo o en vórtice hervidor,	 hanaq pacha estanquekunapi otaq timpuq vortex nisqapi,
bajo unas lunas plácidas o en un cárdeno horror!	 wakin thak killakunaq uranpi otaq morado manchakuypi!
¡Y ser con él todas las primaveras	 Hinaspa sapa primavera killapi paywan kay
y los inviernos, en un angustiado	 chiri timpukunatapas, llakisqa
nudo, en torno a su cuello ensangrentado!	 ¡yawarchasqa kunkanman nudo!
La Oración de la Maestra	 Yachachiqpa Mañakuynin
¡Señor!	 Sir!
Tú que enseñaste, perdona que yo enseñe; que lleve el	 Qan yachachiq, pampachaway yachachisqaymanta; apachun chay
nombre de maestra, que Tú llevaste por la Tierra.	 yachachiqpa sutin, chay Pachamamapi apasqayki.
Dame el amor único de mi escuela; que ni la quemadura de la	 Yachay wasiypa mana tupaq kuyakuyninta quway; chay nitaq chay ruphachiypas
belleza sea capaz de robarle mi ternura de todos los instantes.	 sumaq kayqa tukuy tiempon llamp’u kayniyta suwayta atin.
Maestro, hazme perdurable el fervor y pasajero el desencanto.	 Yachachiq, fervorniyta wiñaypaq ruway hinaspa pasajerokuna desengaño.
Arranca de mí este impuro deseo de justicia que aún me turba, la	 Rip from me kay qhelli justicia munayta, chaymi kunankamapas llakichiwan, chay
mezquina insinuación de protesta que sube de mí cuando me hieren.	pequeño pista de protesta chaymi hatarin ñoqamanta k’iriwaqtinku.
No me duela la incomprensión ni me entristezca el olvido de las	 Mana hamut’ayqa manan k’iriwanchu nitaqmi qonqaypas
que enseñe.	 yachachisaq
Dame el ser más madre que las madres, para poder amar y defender	 Mamakunamanta aswan mama kanaypaq, munakunaypaq, defiendenaypaqpas
como ellas lo que no es carne de mis carnes.	 paykuna hina imachus mana aychaykunamanta aychachu.
Dame que alcance	 chayayta quway
a hacer de una de mis niñas mi verso perfecto y a dejarte en ella	 huknin sipaschayta perfecto versiculoyta ruwanaypaq hinaspa chaypi saqenaypaq
clavada mi más penetrante melodía, para cuando mis labios	 clavarqani aswan penetrante melodiayta, mayk’aqchus simiykuna
canten más.	 astawan takiy.
Muéstrame posible tu Evangelio en mi tiempo, para que no renuncie	 Tiempoypi atikuq Evangelioykita qawachiway, ama pisipanaypaq
a la batalla de cada día y de cada hora por él.	 sapa p'unchaw maqanakuyman, sapa hora paypaq.
Pon en mi escuela democrática el resplandor que se cernía sobre	 Democrático escuelayman churay chay warkusqa llimp’ita
tu corro de niños descalzos.	 q’ala chaki wawakunaq muyuyki.
Hazme fuerte, aun en mi desvalimiento de mujer, y de mujer pobre;	 Kallpanchaway, warmi hina mana ima ruway atisqaypipas, wakcha warmi hinapas;
hazme despreciadora de todo poder que no sea puro, de toda	 tukuy mana ch'uya atiymanta, llapanmanta pisichakuqta ruwaway
presión que no sea la de tu voluntad ardiente sobre mi vida.	 kawsayniypi mana ruphasqa munasqaykipa ñit’iynin.
Pececitos	 uchuy challwakuna
Pececitos de niño,	 wawa challwa, .
azulosos de frío,	 chiriwan q'illuyasqa, .
¡cómo os ven y no os cubren,	 imaynatas rikusunkiku manataq tapasunkikuchu,
Dios mío!	¡Diosniy!
¡Pececitos heridos	 k’irisqa huch’uy challwakuna
por los guijarros todos,	 llapa rumi rumikunapaq,
ultrajados de nieves	 rit’iwan phiñasqa
y lodos!	 y lodo!
El hombre ciego ignora	 Ñawsa runaqa mana uyarinchu
que por donde pasáis,	 chay maymanchus rinki, .
una flor de luz viva	 kawsaq k’anchay t’ika
dejaís;	 ripunki;
que allí donde ponéis	 chay maypi churanki
la plantita sangrante,	 yawar lluqsiq yura, .
el nardo nace más	 tuberosa aswanta paqarin
fragante.	 q’apayniyuq.
Sed, puesto que marcháis	 Yakunayay, purisqaykimantapacha
por los caminos rectos,	 chiqan ñankunapi, .
heroicos como sois	 heroico hina qan kasqaykiman hina
perfectos.	 kusa.
Pececitos de niño,	 wawa challwa, .
dos joyitas sufrientes,	 iskay ñak'ariq huch'uy alhajakuna, .
¡cómo pasan sin veros	 imaynatataq mana rikuspa rinku
las gentes!	 runakuna!
El Ángel Guardián	 Chay Angel Guardián nisqa
Es verdad, no es un cuento;	 Chiqapmi, manam willakuychu;
hay un Ángel Guardián	 kanmi guardia angel
que te toma y te lleva como el viento	 chaymi apasunki hinaspa wayra hina apasunki
y con los niños va por donde van.	 wawakunawantaq maymanchus rinku chayman ripun.
Tiene cabellos suaves	 Llampu chukchayuqmi
que van en la venteada,	 wayrapi riq, .
ojos dulces y graves	 misk’i, serio ñawikuna
que te sosiegan con una mirada	 chaytaq huk qhawariywan thasnusunki
y matan miedos dando claridad.	 hinaspapas manchakuykunata wañuchinku sut’i kayta qospa.
(No es un cuento, es verdad.)	 (Manan willakuychu, cheqaqmi).
El tiene cuerpo, manos y pies de alas	 Payqa kurkuyuq, makiyuq, chakiyuq raprayuq
y las seis alas vuelan o resbalan,	 suqta raphrantaq phawanku otaq llimp’inku, .
las seis te llevan de su aire batido	 soqta pacha maqasqa wayrankumanta pusasunki
y lo mismo te llevan de dormido.	chayllatataqmi puñusqaykimantapas apasunkiku.
Hace más dulce la pulpa madura	 Puqusqa pulpataqa aswan misk’iman tukuchin
que entre tus labios golosos estruja;	 chaymi misk’i simiykikuna chawpipi siq’ikun;
rompe a la nuez su taimada envoltura	 pakikun nogal su devioso caja
y es quien te libra de gnomos y brujas.	 hinaspapas paymi kacharichisunki gnomokunamanta, layqakunamantapas.
Es quien te ayuda a que cortes las rosas,	 Paymi yanapasunki rosaskunata kuchunaykipaq,
que están sentadas en trampas de espinas,	 Kichka trampakunapi tiyaq runakuna,
el que te pasa las aguas mañosas	 toqlla yakukunata pasaqniyki
y el que te sube las cuestas más pinas.	 hinaspa aswan qaqa qaqakunaman wichariqpas.
Apegado a Mí	 ñuqaman k’askasqa
Velloncito de mi carne,	 aychaymanta pisi millma, .
que en mi entraña yo tejí,	 chay wiksaypi awasqayta,
velloncito friolento,	 chilli Millwa, .
¡duérmete apegado a mí!	 ¡ñuqaman k’askasqa puñuy!
La perdiz duerme en el trébol	 Perdizqa trébol nisqapim puñun
escuchándole latir:	 uyarispa chayta takiy:
no te turben mis alientos,	 ama samayniyta sasachaychu, .
¡duérmete apegado a mí!	 ¡ñuqaman k’askasqa puñuy!
Yerberita temblorosa	 Katkatata Yerberita
asombrada de vivir,	 kawsasqanmanta musphaspa, .
no te sueltes de mi pecho:	 ama sinqayta kachariychu
¡duérmete apegado a mí!	 ¡ñuqaman k’askasqa puñuy!
Yo que todo lo he perdido	 Tukuy imatam chinkachirqani
ahora tiemblo de dormir.	 kunanqa puñunaypaqmi khatatatani.
No resbales de mi brazo:	 Ama makiymanta lluqsiychu:
¡duérmete apegado a mí!	 ¡ñuqaman k’askasqa puñuy!
La Casa	 Wasi
La mesa, hijo, está tendida,	 Mesa, churi, churasqa, .
en blancura quieta de nata,	 cremapa thak yuraq kayninpi, .
y en cuatro muros azulea,	 tawa azul perqakunapitaq,
dando relumbres, la cerámica.	 llimp’i quy, cerámica.
Esta es la sal, éste el aceite	 Kaymi kachi, kaymi aceite
y al centro el Pan que casi habla.	chawpinpitaq yaqa rimaq Pan.
Oro más lindo que oro del Pan	 T’anta qurimanta aswan sumaq quri
no está ni en fruta ni en retama,	 Manan frutapipas nitaq escobapipas,
y da su olor de espiga y horno	 hinaspa rinrikunapa, hornopa asnaynintapas lluqsichin
una dicha que nunca sacia.	 mana hayk’aqpas saksachiq kusikuy.
Lo partimos, hijito, juntos,	 Waway, kuska rakinakurqayku, .
con dedos duros y palma blanda,	 sinchi dedoyuq, llampu palmayuq, .
y tú lo miras asombrado	 hinaspa admirasqa qhawanki
de tierra negra que da flor blanca.	 yuraq t’ikakunata quq yana allpamanta.
Baja la mano de comer,	 Mikhunaykipaq makiykita uraykachiy, .
que tu madre también la baja.	 mamaykipas uraykachisqanmanta.
Los trigos, hijo, son del aire,	 Trigokuna, churi, wayramanta, .
y son del sol y de la azada;	 Intimanta, azadamanta ima kanku;
pero este Pan “cara de Dios”*	" ichaqa kay T'anta ""Diospa uya""*"
no llega a mesas de las casas;	 mana wasi mesakunaman chayanchu;
y si otros niños no lo tienen,	 huk wawakunapas mana kaqtinqa, .
mejor, mi hijo, no lo tocaras,	 aswan allinqa, waway, mana llamiykunkichu,
y no tomarlo mejor sería	 mana hap’iypas aswan allinmi kanman
con mano y mano avergonzadas.	 makiwan makiwan p’inqasqa.
